caseid,time,activity
1,104,arrival
1,104,join_queue
1,104,begin_service
2,119,arrival
2,119,join_queue
1,164,end_service
2,164,begin_service
3,166,arrival
3,166,join_queue
4,178,arrival
4,178,join_queue
5,211,arrival
5,211,join_queue
2,224,end_service
3,224,begin_service
6,267,arrival
6,267,join_queue
3,305,end_service
4,305,begin_service
7,329,arrival
7,329,join_queue
8,417,arrival
8,417,join_queue
9,437,arrival
9,437,join_queue
10,469,arrival
10,469,join_queue
11,493,arrival
11,493,renege
12,520,arrival
12,520,renege
13,542,arrival
13,542,renege
14,594,arrival
14,594,renege
4,598,end_service
5,598,begin_service
15,601,arrival
15,601,renege
5,658,end_service
6,658,begin_service
16,716,arrival
16,716,renege
6,718,end_service
7,718,begin_service
17,756,arrival
17,756,renege
18,811,arrival
18,811,renege
7,814,end_service
8,814,begin_service
19,845,arrival
19,845,renege
8,891,end_service
9,891,begin_service
20,966,arrival
20,966,renege
9,984,end_service
10,984,begin_service
21,1006,arrival
21,1006,renege
10,1044,end_service
11,1044,begin_service
22,1058,arrival
22,1058,renege
23,1105,arrival
23,1105,renege
11,1180,end_service
12,1180,begin_service
24,1251,arrival
24,1251,renege
25,1325,arrival
25,1325,renege
26,1331,arrival
26,1331,renege
12,1363,end_service
13,1363,begin_service
13,1423,end_service
14,1423,begin_service
14,1483,end_service
15,1483,begin_service
27,1514,arrival
27,1514,renege
15,1543,end_service
16,1543,begin_service
28,1554,arrival
28,1554,renege
16,1603,end_service
17,1603,begin_service
29,1615,arrival
29,1615,renege
30,1703,arrival
30,1703,renege
31,1720,arrival
31,1720,renege
17,1730,end_service
32,1730,arrival
32,1730,renege
18,1730,begin_service
18,1790,end_service
19,1790,begin_service
33,1871,arrival
33,1871,renege
19,1894,end_service
20,1894,begin_service
34,1912,arrival
34,1912,renege
35,1954,arrival
35,1954,renege
36,2021,arrival
36,2021,renege
37,2056,arrival
37,2056,renege
38,2059,arrival
38,2059,renege
20,2103,end_service
21,2103,begin_service
39,2151,arrival
39,2151,renege
40,2159,arrival
40,2159,renege
41,2161,arrival
41,2161,renege
42,2218,arrival
42,2218,renege
43,2220,arrival
43,2220,renege
44,2347,arrival
44,2347,renege
21,2403,end_service
22,2403,begin_service
45,2499,arrival
45,2499,renege
46,2548,arrival
46,2548,renege
47,2562,arrival
47,2562,renege
22,2606,end_service
23,2606,begin_service
48,2622,arrival
48,2622,renege
49,2639,arrival
49,2639,renege
50,2662,arrival
50,2662,renege
51,2664,arrival
51,2664,renege
23,2666,end_service
24,2666,begin_service
52,2713,arrival
52,2713,renege
53,2725,arrival
53,2725,renege
54,2745,arrival
54,2745,renege
55,2753,arrival
55,2753,renege
24,2761,end_service
25,2761,begin_service
56,2779,arrival
56,2779,renege
57,2817,arrival
57,2817,renege
25,2821,end_service
26,2821,begin_service
58,2872,arrival
58,2872,renege
26,2881,end_service
27,2881,begin_service
59,2895,arrival
59,2895,renege
60,2910,arrival
60,2910,renege
27,2941,end_service
28,2941,begin_service
28,3001,end_service
29,3001,begin_service
61,3055,arrival
61,3055,renege
29,3075,end_service
30,3075,begin_service
62,3093,arrival
62,3093,renege
63,3126,arrival
63,3126,renege
30,3135,end_service
31,3135,begin_service
64,3163,arrival
64,3163,renege
31,3221,end_service
32,3221,begin_service
65,3266,arrival
65,3266,renege
66,3346,arrival
66,3346,renege
67,3381,arrival
67,3381,renege
68,3404,arrival
68,3404,renege
69,3419,arrival
69,3419,renege
70,3421,arrival
70,3421,renege
32,3441,end_service
33,3441,begin_service
71,3459,arrival
71,3459,renege
72,3459,arrival
72,3459,renege
33,3501,end_service
34,3501,begin_service
73,3551,arrival
73,3551,renege
74,3551,arrival
74,3551,renege
34,3584,end_service
75,3584,arrival
75,3584,renege
35,3584,begin_service
76,3589,arrival
76,3589,renege
77,3661,arrival
77,3661,renege
35,3678,end_service
36,3678,begin_service
78,3691,arrival
78,3691,renege
79,3699,arrival
79,3699,renege
36,3767,end_service
37,3767,begin_service
80,3847,arrival
80,3847,renege
81,3901,arrival
81,3901,renege
82,3957,arrival
82,3957,renege
83,3984,arrival
83,3984,renege
37,4030,end_service
38,4030,begin_service
84,4045,arrival
84,4045,renege
85,4055,arrival
85,4055,renege
86,4064,arrival
86,4064,renege
38,4090,end_service
39,4090,begin_service
87,4190,arrival
87,4190,renege
39,4238,end_service
40,4238,begin_service
88,4281,arrival
88,4281,renege
40,4298,end_service
41,4298,begin_service
89,4313,arrival
89,4313,renege
90,4330,arrival
90,4330,renege
41,4358,end_service
42,4358,begin_service
91,4360,arrival
91,4360,renege
92,4395,arrival
92,4395,renege
93,4455,arrival
93,4455,renege
42,4478,end_service
43,4478,begin_service
94,4497,arrival
94,4497,renege
95,4535,arrival
95,4535,renege
43,4569,end_service
44,4569,begin_service
96,4583,arrival
96,4583,renege
44,4629,end_service
45,4629,begin_service
97,4675,arrival
97,4675,renege
45,4720,end_service
46,4720,begin_service
98,4727,arrival
98,4727,renege
99,4796,arrival
99,4796,renege
100,4833,arrival
100,4833,renege
101,4858,arrival
101,4858,renege
102,4887,arrival
102,4887,renege
46,4927,end_service
47,4927,begin_service
47,4987,end_service
48,4987,begin_service
103,5033,arrival
103,5033,renege
104,5043,arrival
104,5043,renege
105,5087,arrival
105,5087,renege
48,5090,end_service
49,5090,begin_service
106,5133,arrival
106,5133,renege
49,5150,end_service
50,5150,begin_service
107,5183,arrival
107,5183,renege
50,5229,end_service
51,5229,begin_service
108,5230,arrival
108,5230,renege
109,5245,arrival
109,5245,renege
110,5261,arrival
110,5261,renege
111,5519,arrival
111,5519,renege
51,5529,end_service
52,5529,begin_service
112,5532,arrival
112,5532,renege
113,5580,arrival
113,5580,renege
52,5642,end_service
53,5642,begin_service
114,5669,arrival
114,5669,renege
53,5702,end_service
54,5702,begin_service
115,5729,arrival
115,5729,renege
116,5751,arrival
116,5751,renege
54,5762,end_service
55,5762,begin_service
55,5825,end_service
56,5825,begin_service
117,5854,arrival
117,5854,renege
56,5885,end_service
57,5885,begin_service
57,5945,end_service
58,5945,begin_service
58,6005,end_service
59,6005,begin_service
118,6015,arrival
118,6015,renege
119,6016,arrival
119,6016,renege
120,6035,arrival
120,6035,renege
121,6052,arrival
121,6052,renege
59,6065,end_service
60,6065,begin_service
122,6082,arrival
122,6082,renege
123,6093,arrival
123,6093,renege
124,6224,arrival
124,6224,renege
60,6229,end_service
61,6229,begin_service
125,6249,arrival
125,6249,renege
126,6261,arrival
126,6261,renege
127,6265,arrival
127,6265,renege
128,6291,arrival
128,6291,renege
129,6327,arrival
129,6327,renege
61,6394,end_service
62,6394,begin_service
130,6496,arrival
130,6496,renege
131,6566,arrival
131,6566,renege
132,6578,arrival
132,6578,renege
62,6585,end_service
63,6585,begin_service
133,6663,arrival
133,6663,renege
134,6688,arrival
134,6688,renege
135,6689,arrival
135,6689,renege
136,6774,arrival
136,6774,renege
63,6800,end_service
64,6800,begin_service
64,6860,end_service
65,6860,begin_service
137,6891,arrival
137,6891,renege
138,6920,arrival
138,6920,renege
139,6965,arrival
139,6965,renege
140,6966,arrival
140,6966,renege
141,7021,arrival
141,7021,renege
142,7059,arrival
142,7059,renege
143,7088,arrival
143,7088,renege
144,7154,arrival
144,7154,renege
65,7160,end_service
66,7160,begin_service
145,7182,arrival
145,7182,renege
146,7199,arrival
146,7199,renege
147,7202,arrival
147,7202,renege
148,7214,arrival
148,7214,renege
149,7332,arrival
149,7332,renege
150,7350,arrival
150,7350,renege
66,7451,end_service
67,7451,begin_service
67,7569,end_service
68,7569,begin_service
151,7642,arrival
151,7642,renege
152,7698,arrival
152,7698,renege
153,7720,arrival
153,7720,renege
68,7783,end_service
69,7783,begin_service
154,7787,arrival
154,7787,renege
155,7880,arrival
155,7880,renege
69,8012,end_service
70,8012,begin_service
156,8061,arrival
156,8061,renege
70,8072,end_service
71,8072,begin_service
157,8093,arrival
157,8093,renege
71,8132,end_service
72,8132,begin_service
72,8192,end_service
73,8192,begin_service
158,8228,arrival
158,8228,renege
159,8244,arrival
159,8244,renege
160,8314,arrival
160,8314,renege
161,8343,arrival
161,8343,renege
162,8410,arrival
162,8410,renege
163,8447,arrival
163,8447,renege
164,8451,arrival
164,8451,renege
73,8492,end_service
74,8492,begin_service
165,8522,arrival
165,8522,renege
166,8543,arrival
166,8543,renege
167,8566,arrival
167,8566,renege
168,8620,arrival
168,8620,renege
74,8653,end_service
75,8653,begin_service
169,8705,arrival
169,8705,renege
170,8708,arrival
170,8708,renege
171,8722,arrival
171,8722,renege
75,8730,end_service
76,8730,begin_service
172,8775,arrival
172,8775,renege
173,8811,arrival
173,8811,renege
76,8842,end_service
77,8842,begin_service
174,8868,arrival
174,8868,renege
77,8902,end_service
78,8902,begin_service
175,8920,arrival
175,8920,renege
176,8959,arrival
176,8959,renege
78,8962,end_service
79,8962,begin_service
177,8965,arrival
177,8965,renege
178,9007,arrival
178,9007,renege
179,9010,arrival
179,9010,renege
79,9022,end_service
80,9022,begin_service
180,9032,arrival
180,9032,renege
181,9080,arrival
181,9080,renege
182,9127,arrival
182,9127,renege
183,9177,arrival
183,9177,renege
184,9183,arrival
184,9183,renege
80,9198,end_service
81,9198,begin_service
185,9242,arrival
185,9242,renege
186,9269,arrival
186,9269,renege
81,9307,end_service
82,9307,begin_service
187,9376,arrival
187,9376,renege
188,9393,arrival
188,9393,renege
82,9455,end_service
83,9455,begin_service
189,9616,arrival
189,9616,renege
190,9641,arrival
190,9641,renege
191,9644,arrival
191,9644,renege
192,9649,arrival
192,9649,renege
83,9691,end_service
84,9691,begin_service
193,9738,arrival
193,9738,renege
84,9751,end_service
85,9751,begin_service
85,9811,end_service
86,9811,begin_service
194,9867,arrival
194,9867,renege
195,9960,arrival
195,9960,renege
196,9971,arrival
196,9971,renege
86,9996,end_service
87,9996,begin_service
197,10018,arrival
197,10018,renege
198,10038,arrival
198,10038,renege
199,10162,arrival
199,10162,renege
200,10165,arrival
200,10165,renege
201,10169,arrival
201,10169,renege
202,10186,arrival
202,10186,renege
203,10228,arrival
203,10228,renege
204,10243,arrival
204,10243,renege
87,10261,end_service
88,10261,begin_service
205,10352,arrival
205,10352,renege
88,10475,end_service
89,10475,begin_service
206,10483,arrival
206,10483,renege
89,10535,end_service
90,10535,begin_service
207,10553,arrival
207,10553,renege
208,10554,arrival
208,10554,renege
209,10611,arrival
209,10611,renege
90,10675,end_service
91,10675,begin_service
210,10714,arrival
210,10714,renege
211,10714,arrival
211,10714,renege
91,10735,end_service
92,10735,begin_service
92,10795,end_service
93,10795,begin_service
93,10912,end_service
94,10912,begin_service
212,10972,arrival
94,10972,end_service
212,10972,renege
95,10972,begin_service
213,11001,arrival
213,11001,renege
95,11032,end_service
96,11032,begin_service
96,11101,end_service
97,11101,begin_service
214,11113,arrival
214,11113,renege
215,11144,arrival
215,11144,renege
97,11161,end_service
98,11161,begin_service
216,11173,arrival
216,11173,renege
98,11221,end_service
99,11221,begin_service
217,11300,arrival
217,11300,renege
218,11358,arrival
218,11358,renege
99,11359,end_service
100,11359,begin_service
219,11391,arrival
219,11391,renege
100,11419,end_service
101,11419,begin_service
220,11445,arrival
220,11445,renege
221,11503,arrival
221,11503,renege
101,11570,end_service
102,11570,begin_service
222,11629,arrival
222,11629,renege
223,11634,arrival
223,11634,renege
224,11660,arrival
224,11660,renege
102,11688,end_service
103,11688,begin_service
103,11748,end_service
104,11748,begin_service
225,11752,arrival
225,11752,renege
226,11783,arrival
226,11783,renege
104,11834,end_service
105,11834,begin_service
227,11838,arrival
227,11838,renege
228,11869,arrival
228,11869,renege
229,11942,arrival
229,11942,renege
105,11949,end_service
106,11949,begin_service
230,11982,arrival
230,11982,renege
231,12019,arrival
231,12019,renege
106,12020,end_service
107,12020,begin_service
232,12047,arrival
232,12047,renege
233,12054,arrival
233,12054,renege
107,12080,end_service
108,12080,begin_service
234,12121,arrival
234,12121,renege
235,12125,arrival
235,12125,renege
108,12140,end_service
109,12140,begin_service
236,12161,arrival
236,12161,renege
237,12232,arrival
237,12232,renege
109,12285,end_service
110,12285,begin_service
238,12298,arrival
238,12298,renege
239,12359,arrival
239,12359,renege
240,12380,arrival
240,12380,renege
110,12460,end_service
111,12460,begin_service
241,12461,arrival
241,12461,renege
242,12470,arrival
242,12470,renege
243,12473,arrival
243,12473,renege
244,12491,arrival
244,12491,renege
245,12560,arrival
245,12560,renege
111,12581,end_service
112,12581,begin_service
246,12591,arrival
246,12591,renege
247,12604,arrival
247,12604,renege
248,12638,arrival
248,12638,renege
112,12641,end_service
113,12641,begin_service
249,12651,arrival
249,12651,renege
250,12658,arrival
250,12658,renege
251,12685,arrival
251,12685,renege
252,12722,arrival
252,12722,renege
253,12735,arrival
253,12735,renege
113,12807,end_service
114,12807,begin_service
254,12849,arrival
254,12849,renege
255,12859,arrival
255,12859,renege
114,12877,end_service
115,12877,begin_service
256,12917,arrival
256,12917,renege
257,12954,arrival
257,12954,renege
258,13010,arrival
258,13010,renege
259,13014,arrival
259,13014,renege
260,13052,arrival
260,13052,renege
115,13063,end_service
116,13063,begin_service
261,13116,arrival
261,13116,renege
116,13123,end_service
117,13123,begin_service
262,13153,arrival
262,13153,renege
263,13162,arrival
263,13162,renege
117,13205,end_service
118,13205,begin_service
264,13293,arrival
264,13293,renege
118,13353,end_service
119,13353,begin_service
265,13378,arrival
265,13378,renege
266,13429,arrival
266,13429,renege
267,13451,arrival
267,13451,renege
268,13503,arrival
268,13503,renege
269,13560,arrival
269,13560,renege
270,13633,arrival
270,13633,renege
119,13653,end_service
120,13653,begin_service
271,13681,arrival
271,13681,renege
120,13713,end_service
121,13713,begin_service
272,13770,arrival
272,13770,renege
273,13824,arrival
273,13824,renege
121,13860,end_service
122,13860,begin_service
122,13920,end_service
123,13920,begin_service
123,14059,end_service
124,14059,begin_service
274,14096,arrival
274,14096,renege
124,14129,end_service
125,14129,begin_service
275,14142,arrival
275,14142,renege
125,14197,end_service
126,14197,begin_service
126,14257,end_service
127,14257,begin_service
276,14272,arrival
276,14272,renege
127,14317,end_service
128,14317,begin_service
128,14377,end_service
129,14377,begin_service
277,14431,arrival
277,14431,renege
129,14437,end_service
130,14437,begin_service
278,14531,arrival
278,14531,renege
130,14655,end_service
131,14655,begin_service
279,14709,arrival
279,14709,renege
280,14799,arrival
280,14799,renege
281,14801,arrival
281,14801,renege
282,14814,arrival
282,14814,renege
283,14824,arrival
283,14824,renege
284,14869,arrival
284,14869,renege
285,14892,arrival
285,14892,renege
286,14910,arrival
286,14910,renege
287,14925,arrival
287,14925,renege
288,14931,arrival
288,14931,renege
131,14955,end_service
132,14955,begin_service
132,15015,end_service
133,15015,begin_service
289,15034,arrival
289,15034,renege
290,15044,arrival
290,15044,renege
291,15052,arrival
291,15052,renege
292,15118,arrival
292,15118,renege
293,15290,arrival
293,15290,renege
133,15306,end_service
134,15306,begin_service
294,15359,arrival
294,15359,renege
295,15425,arrival
295,15425,renege
296,15430,arrival
296,15430,renege
297,15461,arrival
297,15461,renege
298,15483,arrival
298,15483,renege
299,15498,arrival
299,15498,renege
300,15526,arrival
300,15526,renege
301,15552,arrival
301,15552,renege
302,15552,arrival
302,15552,renege
134,15606,end_service
135,15606,begin_service
303,15607,arrival
303,15607,renege
304,15634,arrival
304,15634,renege
305,15654,arrival
305,15654,renege
135,15747,end_service
136,15747,begin_service
306,15831,arrival
306,15831,renege
136,15859,end_service
137,15859,begin_service
307,15866,arrival
307,15866,renege
308,15871,arrival
308,15871,renege
137,15919,end_service
138,15919,begin_service
309,15943,arrival
309,15943,renege
310,15976,arrival
310,15976,renege
138,15979,end_service
311,15979,arrival
311,15979,renege
139,15979,begin_service
312,16017,arrival
312,16017,renege
139,16039,end_service
140,16039,begin_service
313,16065,arrival
313,16065,renege
314,16119,arrival
314,16119,renege
140,16125,end_service
141,16125,begin_service
315,16278,arrival
315,16278,renege
316,16308,arrival
316,16308,renege
317,16341,arrival
317,16341,renege
141,16392,end_service
142,16392,begin_service
318,16443,arrival
318,16443,renege
319,16483,arrival
319,16483,renege
320,16649,arrival
320,16649,renege
321,16662,arrival
321,16662,renege
142,16675,end_service
143,16675,begin_service
322,16706,arrival
322,16706,renege
323,16733,arrival
323,16733,renege
324,16777,arrival
324,16777,renege
325,16789,arrival
325,16789,renege
326,16821,arrival
326,16821,renege
327,16830,arrival
327,16830,renege
328,16882,arrival
328,16882,renege
143,16919,end_service
144,16919,begin_service
329,16933,arrival
329,16933,renege
330,16961,arrival
330,16961,renege
144,16979,end_service
145,16979,begin_service
331,17035,arrival
331,17035,renege
332,17066,arrival
332,17066,renege
145,17073,end_service
146,17073,begin_service
333,17084,arrival
333,17084,renege
146,17133,end_service
147,17133,begin_service
334,17171,arrival
334,17171,renege
147,17247,end_service
148,17247,begin_service
335,17269,arrival
335,17269,renege
336,17330,arrival
336,17330,renege
337,17349,arrival
337,17349,renege
338,17351,arrival
338,17351,renege
339,17355,arrival
339,17355,renege
148,17361,end_service
149,17361,begin_service
340,17448,arrival
340,17448,renege
341,17545,arrival
341,17545,renege
149,17553,end_service
150,17553,begin_service
150,17613,end_service
151,17613,begin_service
151,17680,end_service
152,17680,begin_service
152,17740,end_service
153,17740,begin_service
342,17742,arrival
342,17742,renege
153,17800,end_service
154,17800,begin_service
343,17847,arrival
343,17847,renege
154,17860,end_service
155,17860,begin_service
344,17938,arrival
344,17938,renege
155,17969,end_service
156,17969,begin_service
345,18016,arrival
345,18016,renege
156,18030,end_service
157,18030,begin_service
346,18109,arrival
346,18109,renege
347,18126,arrival
347,18126,renege
348,18165,arrival
348,18165,renege
349,18282,arrival
349,18282,renege
157,18330,end_service
158,18330,begin_service
350,18382,arrival
350,18382,renege
351,18385,arrival
351,18385,renege
158,18390,end_service
159,18390,begin_service
352,18393,arrival
352,18393,renege
353,18436,arrival
353,18436,renege
354,18454,arrival
354,18454,renege
355,18505,arrival
355,18505,renege
356,18603,arrival
356,18603,renege
357,18619,arrival
357,18619,renege
358,18622,arrival
358,18622,renege
159,18652,end_service
160,18652,begin_service
160,18712,end_service
161,18712,begin_service
359,18735,arrival
359,18735,renege
161,18772,end_service
162,18772,begin_service
162,18851,end_service
163,18851,begin_service
360,18920,arrival
360,18920,renege
361,18928,arrival
361,18928,renege
163,18973,end_service
164,18973,begin_service
164,19046,end_service
165,19046,begin_service
362,19150,arrival
362,19150,renege
363,19286,arrival
363,19286,renege
364,19298,arrival
364,19298,renege
165,19308,end_service
166,19308,begin_service
166,19376,end_service
167,19376,begin_service
167,19436,end_service
168,19436,begin_service
365,19476,arrival
365,19476,renege
168,19496,end_service
169,19496,begin_service
366,19524,arrival
366,19524,renege
169,19594,end_service
170,19594,begin_service
170,19685,end_service
171,19685,begin_service
367,19698,arrival
367,19698,renege
171,19794,end_service
172,19794,begin_service
368,19816,arrival
368,19816,renege
369,19875,arrival
369,19875,renege
370,19897,arrival
370,19897,renege
371,19928,arrival
371,19928,renege
372,19975,arrival
372,19975,renege
172,20044,end_service
173,20044,begin_service
373,20125,arrival
373,20125,renege
374,20158,arrival
374,20158,renege
173,20208,end_service
174,20208,begin_service
375,20272,arrival
375,20272,renege
376,20278,arrival
376,20278,renege
377,20400,arrival
377,20400,renege
174,20430,end_service
175,20430,begin_service
378,20473,arrival
378,20473,renege
379,20481,arrival
379,20481,renege
380,20556,arrival
380,20556,renege
381,20596,arrival
381,20596,renege
175,20610,end_service
176,20610,begin_service
382,20615,arrival
382,20615,renege
383,20627,arrival
383,20627,renege
384,20639,arrival
384,20639,renege
176,20714,end_service
177,20714,begin_service
385,20764,arrival
385,20764,renege
386,20779,arrival
386,20779,renege
387,20788,arrival
387,20788,renege
388,20822,arrival
388,20822,renege
389,20840,arrival
389,20840,renege
177,20871,end_service
178,20871,begin_service
390,20883,arrival
390,20883,renege
391,20889,arrival
391,20889,renege
392,20926,arrival
392,20926,renege
178,20931,end_service
179,20931,begin_service
393,20951,arrival
393,20951,renege
179,20991,end_service
180,20991,begin_service
394,21157,arrival
394,21157,renege
395,21201,arrival
395,21201,renege
180,21243,end_service
181,21243,begin_service
396,21284,arrival
396,21284,renege
181,21303,end_service
182,21303,begin_service
182,21363,end_service
183,21363,begin_service
397,21400,arrival
397,21400,renege
398,21430,arrival
398,21430,renege
399,21465,arrival
399,21465,renege
400,21514,arrival
400,21514,renege
401,21592,arrival
401,21592,renege
402,21621,arrival
402,21621,renege
183,21663,end_service
184,21663,begin_service
403,21665,arrival
403,21665,renege
404,21720,arrival
404,21720,renege
184,21723,end_service
185,21723,begin_service
405,21756,arrival
405,21756,renege
406,21764,arrival
406,21764,renege
407,21827,arrival
407,21827,renege
408,21841,arrival
408,21841,renege
185,21902,end_service
186,21902,begin_service
409,21924,arrival
409,21924,renege
186,21962,end_service
187,21962,begin_service
410,21984,arrival
410,21984,renege
187,22022,end_service
188,22022,begin_service
411,22040,arrival
411,22040,renege
188,22091,end_service
189,22091,begin_service
412,22104,arrival
412,22104,renege
413,22137,arrival
413,22137,renege
189,22151,end_service
190,22151,begin_service
414,22215,arrival
414,22215,renege
415,22225,arrival
415,22225,renege
416,22273,arrival
416,22273,renege
417,22321,arrival
417,22321,renege
418,22321,arrival
418,22321,renege
419,22332,arrival
419,22332,renege
190,22392,end_service
191,22392,begin_service
420,22407,arrival
420,22407,renege
421,22409,arrival
421,22409,renege
422,22466,arrival
422,22466,renege
423,22470,arrival
423,22470,renege
424,22576,arrival
424,22576,renege
425,22619,arrival
425,22619,renege
191,22658,end_service
192,22658,begin_service
426,22731,arrival
426,22731,renege
192,22818,end_service
193,22818,begin_service
427,22841,arrival
427,22841,renege
428,22862,arrival
428,22862,renege
429,22875,arrival
429,22875,renege
430,22951,arrival
430,22951,renege
193,22954,end_service
194,22954,begin_service
194,23022,end_service
195,23022,begin_service
431,23078,arrival
431,23078,renege
195,23101,end_service
196,23101,begin_service
432,23154,arrival
432,23154,renege
196,23161,end_service
197,23161,begin_service
433,23164,arrival
433,23164,renege
434,23229,arrival
434,23229,renege
435,23248,arrival
435,23248,renege
436,23360,arrival
436,23360,renege
437,23363,arrival
437,23363,renege
438,23448,arrival
438,23448,renege
197,23461,end_service
198,23461,begin_service
439,23467,arrival
439,23467,renege
440,23511,arrival
440,23511,renege
198,23587,end_service
199,23587,begin_service
441,23624,arrival
441,23624,renege
442,23641,arrival
442,23641,renege
199,23647,end_service
200,23647,begin_service
443,23664,arrival
443,23664,renege
444,23665,arrival
444,23665,renege
445,23696,arrival
445,23696,renege
200,23708,end_service
201,23708,begin_service
446,23755,arrival
446,23755,renege
201,23768,end_service
202,23768,begin_service
447,23817,arrival
447,23817,renege
448,23870,arrival
448,23870,renege
449,23880,arrival
449,23880,renege
450,23963,arrival
450,23963,renege
451,23998,arrival
451,23998,renege
452,24001,arrival
452,24001,renege
453,24024,arrival
453,24024,renege
202,24068,end_service
203,24068,begin_service
454,24069,arrival
454,24069,renege
203,24128,end_service
204,24128,begin_service
455,24162,arrival
455,24162,renege
204,24188,end_service
205,24188,begin_service
205,24264,end_service
206,24264,begin_service
206,24333,end_service
207,24333,begin_service
456,24421,arrival
456,24421,renege
457,24530,arrival
457,24530,renege
458,24537,arrival
458,24537,renege
207,24550,end_service
208,24550,begin_service
459,24606,arrival
459,24606,renege
208,24646,end_service
209,24646,begin_service
209,24706,end_service
210,24706,begin_service
210,24787,end_service
211,24787,begin_service
460,24813,arrival
460,24813,renege
461,24823,arrival
461,24823,renege
211,24847,end_service
212,24847,begin_service
462,24859,arrival
462,24859,renege
463,24860,arrival
463,24860,renege
464,24868,arrival
464,24868,renege
465,24891,arrival
465,24891,renege
212,24907,end_service
213,24907,begin_service
466,24914,arrival
466,24914,renege
213,24994,end_service
214,24994,begin_service
467,25044,arrival
467,25044,renege
214,25054,end_service
215,25054,begin_service
215,25114,end_service
216,25114,begin_service
468,25191,arrival
468,25191,renege
216,25220,end_service
217,25220,begin_service
469,25256,arrival
469,25256,renege
470,25270,arrival
470,25270,renege
471,25320,arrival
471,25320,renege
472,25338,arrival
472,25338,renege
473,25352,arrival
473,25352,renege
474,25378,arrival
474,25378,renege
217,25431,end_service
218,25431,begin_service
475,25442,arrival
475,25442,renege
476,25490,arrival
476,25490,renege
477,25508,arrival
477,25508,renege
478,25570,arrival
478,25570,renege
218,25635,end_service
219,25635,begin_service
219,25695,end_service
220,25695,begin_service
479,25758,arrival
479,25758,renege
480,25838,arrival
480,25838,renege
481,25895,arrival
481,25895,renege
220,25916,end_service
221,25916,begin_service
482,26006,arrival
482,26006,renege
483,26016,arrival
483,26016,renege
484,26072,arrival
484,26072,renege
485,26074,arrival
485,26074,renege
221,26075,end_service
222,26075,begin_service
222,26138,end_service
223,26138,begin_service
486,26171,arrival
486,26171,renege
487,26297,arrival
487,26297,renege
223,26307,end_service
224,26307,begin_service
224,26406,end_service
225,26406,begin_service
225,26476,end_service
226,26476,begin_service
488,26490,arrival
488,26490,renege
489,26519,arrival
489,26519,renege
226,26536,end_service
227,26536,begin_service
227,26646,end_service
228,26646,begin_service
490,26654,arrival
490,26654,renege
491,26656,arrival
491,26656,renege
492,26673,arrival
492,26673,renege
228,26784,end_service
229,26784,begin_service
493,26812,arrival
493,26812,renege
494,26866,arrival
494,26866,renege
229,26893,end_service
230,26893,begin_service
230,26953,end_service
231,26953,begin_service
495,26955,arrival
495,26955,renege
496,26965,arrival
496,26965,renege
497,26999,arrival
497,26999,renege
498,27059,arrival
498,27059,renege
499,27124,arrival
499,27124,renege
500,27146,arrival
500,27146,renege
231,27253,end_service
232,27253,begin_service
501,27306,arrival
501,27306,renege
232,27333,end_service
233,27333,begin_service
502,27383,arrival
502,27383,renege
233,27393,end_service
234,27393,begin_service
503,27440,arrival
503,27440,renege
504,27465,arrival
504,27465,renege
505,27554,arrival
505,27554,renege
506,27565,arrival
506,27565,renege
234,27602,end_service
235,27602,begin_service
235,27662,end_service
236,27662,begin_service
236,27722,end_service
237,27722,begin_service
507,27735,arrival
507,27735,renege
237,27782,end_service
508,27782,arrival
508,27782,renege
238,27782,begin_service
509,27812,arrival
509,27812,renege
510,27829,arrival
510,27829,renege
238,27874,end_service
239,27874,begin_service
511,27884,arrival
511,27884,renege
512,27894,arrival
512,27894,renege
513,27934,arrival
513,27934,renege
514,27940,arrival
514,27940,renege
515,27959,arrival
515,27959,renege
516,27990,arrival
516,27990,renege
239,28017,end_service
240,28017,begin_service
517,28072,arrival
517,28072,renege
240,28077,end_service
241,28077,begin_service
518,28089,arrival
518,28089,renege
519,28112,arrival
519,28112,renege
241,28137,end_service
242,28137,begin_service
520,28195,arrival
520,28195,renege
521,28213,arrival
521,28213,renege
242,28315,end_service
243,28315,begin_service
522,28365,arrival
522,28365,renege
243,28375,end_service
244,28375,begin_service
523,28418,arrival
523,28418,renege
244,28435,end_service
245,28435,begin_service
524,28445,arrival
524,28445,renege
525,28484,arrival
525,28484,renege
245,28514,end_service
246,28514,begin_service
526,28531,arrival
526,28531,renege
527,28561,arrival
527,28561,renege
246,28574,end_service
247,28574,begin_service
528,28654,arrival
528,28654,renege
247,28715,end_service
248,28715,begin_service
529,28753,arrival
529,28753,renege
248,28775,end_service
249,28775,begin_service
249,28835,end_service
250,28835,begin_service
530,28849,arrival
530,28849,renege
250,28895,end_service
251,28895,begin_service
251,28955,end_service
252,28955,begin_service
531,29010,arrival
531,29010,renege
252,29015,end_service
253,29015,begin_service
532,29077,arrival
532,29077,renege
533,29085,arrival
533,29085,renege
534,29127,arrival
534,29127,renege
535,29129,arrival
535,29129,renege
536,29199,arrival
536,29199,renege
537,29241,arrival
537,29241,renege
538,29281,arrival
538,29281,renege
539,29283,arrival
539,29283,renege
253,29315,end_service
254,29315,begin_service
254,29615,end_service
255,29615,begin_service
540,29676,arrival
540,29676,renege
541,29705,arrival
541,29705,renege
255,29734,end_service
256,29734,begin_service
542,29746,arrival
542,29746,renege
256,29819,end_service
257,29819,begin_service
543,29860,arrival
543,29860,renege
257,29879,end_service
258,29879,begin_service
544,29976,arrival
544,29976,renege
545,30118,arrival
545,30118,renege
546,30151,arrival
546,30151,renege
258,30157,end_service
259,30157,begin_service
547,30195,arrival
547,30195,renege
548,30208,arrival
548,30208,renege
259,30234,end_service
260,30234,begin_service
549,30301,arrival
549,30301,renege
550,30325,arrival
550,30325,renege
260,30354,end_service
261,30354,begin_service
551,30411,arrival
551,30411,renege
261,30414,end_service
552,30414,arrival
552,30414,renege
262,30414,begin_service
553,30417,arrival
553,30417,renege
554,30434,arrival
554,30434,renege
555,30442,arrival
555,30442,renege
262,30474,end_service
263,30474,begin_service
556,30501,arrival
556,30501,renege
557,30579,arrival
557,30579,renege
558,30600,arrival
558,30600,renege
559,30613,arrival
559,30613,renege
263,30737,end_service
264,30737,begin_service
560,30786,arrival
560,30786,renege
561,30831,arrival
561,30831,renege
264,30835,end_service
265,30835,begin_service
562,30894,arrival
562,30894,renege
563,30941,arrival
563,30941,renege
265,30942,end_service
266,30942,begin_service
564,30969,arrival
564,30969,renege
266,31002,end_service
267,31002,begin_service
565,31122,arrival
565,31122,renege
267,31236,end_service
268,31236,begin_service
566,31281,arrival
566,31281,renege
268,31296,end_service
269,31296,begin_service
567,31300,arrival
567,31300,renege
568,31307,arrival
568,31307,renege
269,31400,end_service
270,31400,begin_service
569,31406,arrival
569,31406,renege
270,31514,end_service
271,31514,begin_service
570,31558,arrival
570,31558,renege
271,31579,end_service
272,31579,begin_service
571,31618,arrival
571,31618,renege
272,31639,end_service
273,31639,begin_service
572,31685,arrival
572,31685,renege
273,31699,end_service
274,31699,begin_service
573,31811,arrival
573,31811,renege
574,31817,arrival
574,31817,renege
575,31831,arrival
575,31831,renege
576,31882,arrival
576,31882,renege
577,31894,arrival
577,31894,renege
578,31968,arrival
578,31968,renege
274,31999,end_service
275,31999,begin_service
275,32065,end_service
276,32065,begin_service
579,32099,arrival
579,32099,renege
580,32102,arrival
580,32102,renege
276,32125,end_service
277,32125,begin_service
581,32135,arrival
581,32135,renege
582,32147,arrival
582,32147,renege
583,32167,arrival
583,32167,renege
277,32220,end_service
278,32220,begin_service
584,32240,arrival
584,32240,renege
278,32280,end_service
279,32280,begin_service
279,32340,end_service
280,32340,begin_service
585,32466,arrival
585,32466,renege
280,32496,end_service
281,32496,begin_service
586,32500,arrival
586,32500,renege
587,32535,arrival
587,32535,renege
588,32575,arrival
588,32575,renege
281,32605,end_service
282,32605,begin_service
589,32658,arrival
589,32658,renege
282,32681,end_service
283,32681,begin_service
283,32741,end_service
284,32741,begin_service
590,32764,arrival
590,32764,renege
591,32786,arrival
591,32786,renege
284,32881,end_service
285,32881,begin_service
592,32924,arrival
592,32924,renege
285,32941,end_service
286,32941,begin_service
593,32953,arrival
593,32953,renege
594,33042,arrival
594,33042,renege
595,33049,arrival
595,33049,renege
596,33068,arrival
596,33068,renege
286,33180,end_service
287,33180,begin_service
597,33277,arrival
597,33277,renege
598,33351,arrival
598,33351,renege
287,33357,end_service
288,33357,begin_service
599,33383,arrival
599,33383,renege
600,33389,arrival
600,33389,renege
288,33417,end_service
289,33417,begin_service
601,33443,arrival
601,33443,renege
602,33487,arrival
602,33487,renege
603,33539,arrival
603,33539,renege
289,33575,end_service
290,33575,begin_service
604,33634,arrival
604,33634,renege
290,33635,end_service
291,33635,begin_service
605,33702,arrival
605,33702,renege
606,33710,arrival
606,33710,renege
291,33761,end_service
292,33761,begin_service
607,33924,arrival
607,33924,renege
608,33979,arrival
608,33979,renege
292,33997,end_service
293,33997,begin_service
609,34026,arrival
609,34026,renege
610,34066,arrival
610,34066,renege
611,34127,arrival
611,34127,renege
612,34203,arrival
612,34203,renege
293,34267,end_service
294,34267,begin_service
294,34327,end_service
295,34327,begin_service
613,34400,arrival
613,34400,renege
295,34478,end_service
296,34478,begin_service
614,34519,arrival
614,34519,renege
615,34528,arrival
615,34528,renege
616,34602,arrival
616,34602,renege
617,34640,arrival
617,34640,renege
618,34664,arrival
618,34664,renege
619,34709,arrival
619,34709,renege
296,34741,end_service
297,34741,begin_service
620,34760,arrival
620,34760,renege
297,34801,end_service
298,34801,begin_service
621,34847,arrival
621,34847,renege
298,34861,end_service
299,34861,begin_service
622,34867,arrival
622,34867,renege
623,34930,arrival
623,34930,renege
624,34972,arrival
624,34972,renege
625,34996,arrival
625,34996,renege
299,35025,end_service
300,35025,begin_service
626,35029,arrival
626,35029,renege
627,35142,arrival
627,35142,renege
628,35156,arrival
628,35156,renege
629,35270,arrival
629,35270,renege
300,35271,end_service
301,35271,begin_service
630,35366,arrival
630,35366,renege
631,35423,arrival
631,35423,renege
301,35465,end_service
302,35465,begin_service
632,35475,arrival
632,35475,renege
633,35489,arrival
633,35489,renege
634,35491,arrival
634,35491,renege
635,35564,arrival
635,35564,renege
636,35600,arrival
636,35600,renege
302,35606,end_service
303,35606,begin_service
303,35680,end_service
304,35680,begin_service
637,35684,arrival
637,35684,renege
304,35740,end_service
305,35740,begin_service
638,35749,arrival
638,35749,renege
639,35750,arrival
639,35750,renege
305,35902,end_service
306,35902,begin_service
640,35913,arrival
640,35913,renege
306,35962,end_service
307,35962,begin_service
641,35993,arrival
641,35993,renege
642,35997,arrival
642,35997,renege
